[{"HPK-692": 2, "PUW-208": 4, "RQU-719": 3, "BDS-551": 4, "LTR-264": -1, "RKG-755": -1}, {"OQA-927": 2, "VBL-656": 2, "RKG-755": 3, "PUW-208": -1, "MDT-026": -1, "QOJ-534": -1}, {"HPK-692": -1, "OQA-927": 4, "FYH-565": 3, "QOJ-534": 2, "GCM-214": 4, "QZK-553": -1}, {"JYL-200": 3, "QZK-553": -1, "RKG-755": 2, "VBL-656": 3, "BDS-551": -1}, {"MIN-121": 4, "MDT-026": 4, "JYL-200": 3, "TEM-537": -1, "VBL-656": -1, "FYH-565": -1}, {"RKG-755": 3, "RQU-719": 2, "GCM-214": 3, "SZO-489": 2, "TEM-537": -1, "BXV-507": -1}, {"QZK-553": 4, "HMI-379": 4, "LTR-264": 3, "GCM-214": -1, "BDS-551": -1}, {"TEM-537": 2, "GCM-214": 4, "LTR-264": 4, "OQA-927": -1, "QOJ-534": -1, "VBL-656": -1, "RKG-755": -1}, {"BXV-507": 4, "GCM-214": 4, "FYH-565": 2, "BDS-551": 2, "JYL-200": 3, "OQA-927": -1, "TEM-537": -1, "QOJ-534": -1, "CIL-080": -1}, {"FYH-565": 2, "HMI-379": 4, "JYL-200": -1, "HPK-692": 2, "VBL-656": 4, "BDS-551": -1, "MDT-026": -1}, {"LTR-264": 2, "CIL-080": 3, "RQU-719": 3, "QOJ-534": -1, "SZO-489": -1, "OQA-927": -1, "VBL-656": -1}, {"FYH-565": 2, "HPK-692": 2, "QZK-553": 3, "GCM-214": -1, "HMI-379": -1, "OQA-927": -1, "RKG-755": -1}, {"PUW-208": -1, "MDT-026": 2, "RKG-755": 2, "BXV-507": 2, "LTR-264": -1}, {"FYH-565": 3, "BDS-551": -1, "QOJ-534": 2, "TEM-537": 2, "OQA-927": -1, "SZO-489": -1, "BXV-507": -1}, {"VBL-656": -1, "LTR-264": 3, "BXV-507": 4, "MIN-121": 4, "GCM-214": 3, "PUW-208": -1, "FYH-565": -1, "QOJ-534": -1}, {"HMI-379": 2, "BDS-551": -1, "QZK-553": 4, "MDT-026": -1, "QOJ-534": 2, "VBL-656": -1}, {"GCM-214": -1, "PUW-208": -1, "JYL-200": 2, "LTR-264": -1, "HPK-692": -1}, {"CIL-080": -1, "MIN-121": 3, "TEM-537": 2, "BDS-551": 3, "OQA-927": -1, "GCM-214": -1, "HPK-692": -1}, {"TEM-537": 4, "HMI-379": 3, "BDS-551": 3, "CIL-080": 4, "HPK-692": 2, "MDT-026": -1, "MIN-121": -1}, {"QOJ-534": 3, "RKG-755": 2, "BXV-507": -1, "RQU-719": 4, "OQA-927": -1, "HMI-379": -1, "PUW-208": -1}]