0,HPK-692,HPK-692,HPK-692,HPK-692,HPK-692,HPK-692,HPK-692,HPK-692,HPK-692,HPK-692,HPK-692,HPK-692,HPK-692,HPK-692,HPK-692,HPK-692,HPK-692,HPK-692,HPK-692,HPK-692,HPK-692,HPK-692,HPK-692,HPK-692,HPK-692,HPK-692,HPK-692,HPK-692,HPK-692,HPK-692,HPK-692,HPK-692,HPK-692,HPK-692,HPK-692,HPK-692,HPK-692,HPK-692,HPK-692,HPK-692,HPK-692,HPK-692,HPK-692,HPK-692,HPK-692,HPK-692,HPK-692,HPK-692,HPK-692,HPK-692,HPK-692,HPK-692,HPK-692,HPK-692,JYL-200,JYL-200,JYL-200,JYL-200,JYL-200,JYL-200,MIN-121,MIN-121,MIN-121,MIN-121,MIN-121,MIN-121,MIN-121,MIN-121
1,HPK-692,HPK-692,HPK-692,HPK-692,HPK-692,RQU-719,RQU-719,RQU-719,RQU-719,RQU-719,RQU-719,RQU-719,RQU-719,RQU-719,MIN-121,MIN-121,MIN-121,MIN-121,MIN-121,MIN-121,MIN-121,MIN-121,MIN-121,MIN-121,MIN-121,MIN-121,TEM-537,TEM-537,TEM-537
2,PUW-208,PUW-208,PUW-208,PUW-208,PUW-208,PUW-208,PUW-208,PUW-208,PUW-208,PUW-208,PUW-208,PUW-208,PUW-208,PUW-208,PUW-208,PUW-208,PUW-208,PUW-208,TEM-537,TEM-537,TEM-537,TEM-537,TEM-537,TEM-537,TEM-537,BXV-507,BXV-507,BXV-507,BXV-507,BXV-507,BXV-507,BXV-507
3,PUW-208,PUW-208,PUW-208,PUW-208,PUW-208,PUW-208,PUW-208,PUW-208,PUW-208,PUW-208,PUW-208,PUW-208,PUW-208,PUW-208,PUW-208,PUW-208,PUW-208,PUW-208,BXV-507,BXV-507,BXV-507,BXV-507,BXV-507,BXV-507,BXV-507,BXV-507,BXV-507,BXV-507,BXV-507,BXV-507,BXV-507,BXV-507,BXV-507,BXV-507,BXV-507,BXV-507,BXV-507
4,PUW-208,PUW-208,RQU-719,RQU-719,RQU-719,RQU-719,RQU-719,RQU-719,RQU-719,RQU-719,RQU-719,RQU-719,RQU-719,RQU-719,RQU-719,RQU-719,BXV-507,BXV-507,BXV-507,BXV-507,BXV-507,BXV-507,BXV-507,BXV-507,BXV-507,BXV-507,BXV-507,BXV-507,BXV-507,CIL-080,CIL-080,CIL-080
5,RQU-719,RQU-719,RQU-719,RQU-719,RQU-719,RQU-719,RQU-719,RQU-719,RQU-719,RQU-719,RQU-719,RQU-719,RQU-719,RQU-719,RQU-719,RQU-719,RQU-719,RQU-719,RQU-719,RQU-719,RQU-719,RQU-719,RQU-719,RQU-719,RQU-719,RQU-719,RQU-719,RQU-719,RQU-719,RQU-719,RQU-719,RQU-719,RQU-719,RQU-719,RQU-719,RQU-719,RQU-719,RQU-719,RQU-719,RQU-719,RQU-719,RQU-719,RQU-719,RQU-719,BDS-551,BDS-551,CIL-080,CIL-080,HMI-379,HMI-379,HMI-379,HMI-379,HMI-379,HMI-379,HMI-379,HMI-379,HMI-379,HMI-379,HMI-379,HMI-379,HMI-379,HMI-379,SZO-489
6,LTR-264,LTR-264,LTR-264,LTR-264,LTR-264,LTR-264,LTR-264,LTR-264,LTR-264,LTR-264,LTR-264,LTR-264,LTR-264,LTR-264,LTR-264,LTR-264,LTR-264,LTR-264,LTR-264,LTR-264,LTR-264,LTR-264,LTR-264,LTR-264,LTR-264,LTR-264,LTR-264,LTR-264,LTR-264,LTR-264,LTR-264,LTR-264,LTR-264,LTR-264,HMI-379,HMI-379,HMI-379,HMI-379,HMI-379,HMI-379,HMI-379,HMI-379,HMI-379,HMI-379,HMI-379,HMI-379,HMI-379,HMI-379,HMI-379,HMI-379,SZO-489,SZO-489,SZO-489
7,BDS-551,BDS-551,BDS-551,BDS-551,BDS-551,BDS-551,BDS-551,BDS-551,BDS-551,BDS-551,BDS-551,BDS-551,BDS-551,BDS-551,BDS-551,BDS-551,BDS-551,BDS-551,SZO-489,SZO-489,SZO-489,SZO-489
8,BDS-551,BDS-551,BDS-551,BDS-551,BDS-551,BDS-551,BDS-551,BDS-551,BDS-551,BDS-551,BDS-551,BDS-551,BDS-551,BDS-551,BDS-551,BDS-551,BDS-551,BDS-551,BDS-551,BDS-551,BDS-551,BDS-551,BDS-551,BDS-551,BDS-551,LTR-264,LTR-264,LTR-264,LTR-264,LTR-264,LTR-264,FYH-565
9,LTR-264,LTR-264,LTR-264,LTR-264,LTR-264,LTR-264,LTR-264,LTR-264,LTR-264,LTR-264,RKG-755,RKG-755,RKG-755,RKG-755,FYH-565
10,RKG-755,RKG-755,RKG-755,RKG-755,RKG-755,RKG-755,RKG-755,RKG-755,RKG-755,RKG-755,RKG-755,RKG-755,RKG-755,RKG-755,RKG-755,RKG-755,RKG-755,RKG-755
11,VBL-656,VBL-656,VBL-656,VBL-656,VBL-656,VBL-656,VBL-656,VBL-656,VBL-656,VBL-656,VBL-656,VBL-656,VBL-656,VBL-656,FYH-565,FYH-565,FYH-565,FYH-565,FYH-565,FYH-565
12,RKG-755,RKG-755,RKG-755,RKG-755,RKG-755,RKG-755,RKG-755,RKG-755,RKG-755,RKG-755,RKG-755,RKG-755,RKG-755,RKG-755,RKG-755,RKG-755,RKG-755,RKG-755,RKG-755,RKG-755,RKG-755,RKG-755,RKG-755,RKG-755,RKG-755,RKG-755,RKG-755,RKG-755,RKG-755,RKG-755,RKG-755,RKG-755,RKG-755,RKG-755,RKG-755,RKG-755,RKG-755,RKG-755,OQA-927,OQA-927,OQA-927,BXV-507
13,FYH-565,FYH-565,FYH-565,FYH-565,FYH-565,FYH-565,FYH-565,FYH-565,FYH-565,FYH-565,FYH-565,FYH-565,FYH-565,FYH-565,FYH-565,FYH-565,FYH-565,QOJ-534,QOJ-534,QOJ-534,QOJ-534,QOJ-534,QOJ-534,QOJ-534,QOJ-534,QOJ-534,QOJ-534,QOJ-534,QOJ-534,QOJ-534,QOJ-534,QOJ-534,QOJ-534,QOJ-534,QOJ-534,QOJ-534,QOJ-534
14,OQA-927,OQA-927,OQA-927,OQA-927,OQA-927,OQA-927,OQA-927,OQA-927,OQA-927,OQA-927,OQA-927,OQA-927,OQA-927,OQA-927,OQA-927,OQA-927,OQA-927,OQA-927
15,OQA-927,OQA-927,OQA-927,OQA-927,OQA-927,OQA-927,OQA-927,OQA-927,OQA-927,OQA-927,OQA-927,OQA-927,OQA-927,OQA-927,OQA-927,OQA-927,OQA-927,OQA-927
16,OQA-927,VBL-656,VBL-656,VBL-656,VBL-656,VBL-656,VBL-656,VBL-656,VBL-656,VBL-656,VBL-656,VBL-656,VBL-656,VBL-656,VBL-656,VBL-656,VBL-656
17,QZK-553,QZK-553,QZK-553,QZK-553,QZK-553,QZK-553,QZK-553,QZK-553,QZK-553,QZK-553,QZK-553,QZK-553,QZK-553,QZK-553,QZK-553,QZK-553,QZK-553,QZK-553,QZK-553,QZK-553,QZK-553,QZK-553,QZK-553,QZK-553,QZK-553,QZK-553,QZK-553,QZK-553,JYL-200,JYL-200,JYL-200,JYL-200,JYL-200,JYL-200,JYL-200,JYL-200,JYL-200
18,GCM-214,GCM-214,GCM-214,GCM-214,GCM-214,GCM-214,GCM-214,GCM-214,GCM-214,GCM-214,QZK-553,QZK-553,QZK-553,QZK-553
19,QZK-553,QZK-553,QZK-553,QZK-553,QZK-553,QZK-553,QZK-553,QZK-553,QZK-553,QZK-553,QZK-553,QZK-553,QZK-553,QZK-553,QZK-553,QZK-553,QZK-553,QZK-553
